Bundesland;Regionalbereich;Bf. Nr.;Station;Bf DS 100 Abk.;Kategorie Vst;StraÃŸe;PLZ;Ort;AufgabentrÃ¤ger;VerkehrsverbÃ¼nde;Fernverkehr;Nahverkehr
Hessen;Kurhessenbahn (KHB);8263;Ahnatal-Casselbreite;FATC;KHB 1;Casselbreite;34292;Ahnatal;Nordhessischer Verkehrsverbund;Nordhessischer Verkehrsverbund;nein;ja
Hessen;Kurhessenbahn (KHB);2616;Ahnatal-Heckershausen;FHEH;KHB 1;BahnhofstraÃŸe;34292;Ahnatal;Nordhessischer Verkehrsverbund;Nordhessischer Verkehrsverbund;nein;ja
Hessen;Kurhessenbahn (KHB);6618;Ahnatal-Weimar;FWEI;KHB 1;Raiffeisenplatz;34292;Ahnatal;Nordhessischer Verkehrsverbund;Nordhessischer Verkehrsverbund;nein;ja
Bayern;SÃ¼dostbayernbahn (SOB);33;Aich (Niederbay);MAIC;SOB;Am Bahnberg 1;84155;Bodenkirchen;Bayrische Eisenbahn Gesellschaft;-;nein;ja
Hessen;Kurhessenbahn (KHB);102;Altenhasungen;FAHN;KHB 1;HardtstraÃŸe;34466;Wolfhagen;Nordhessischer Verkehrsverbund;Nordhessischer Verkehrsverbund;nein;ja
Bayern;SÃ¼dostbayernbahn (SOB);106;Altenmarkt (Alz);MATM;SOB;MargaretenstraÃŸe;83352;Altenmarkt a.d. Alz;Bayrische Eisenbahn Gesellschaft;-;nein;ja
Bayern;SÃ¼dostbayernbahn (SOB);127;AltÃ¶tting;MAT;SOB;Bahnhofsplatz 1;84503;AltÃ¶tting;Bayrische Eisenbahn Gesellschaft;-;nein;ja
Bayern;Westfrankenbahn (WFB);138;Amorbach;NAMB;WFB 2;Am Bahnhof;63916;Amorbach;Bayrische Eisenbahn Gesellschaft;Verkehrsgemeinschaft am Bayerischen Untermain;nein;ja
Sachsen;Erzgebirgsbahn (EGB);153;Annaberg-Buchholz Mitte;DABM;EGB;TalstraÃŸe;9456;Annaberg-Buchholz;Verkehrsverbund Mittelsachsen;Verkehrsverbund Mittelsachsen;nein;ja
Sachsen;Erzgebirgsbahn (EGB);154;Annaberg-Buchholz SÃ¼d;DAB;EGB;Schneeberger StraÃŸe;9456;Annaberg-Buchholz;Verkehrsverbund Mittelsachsen;Verkehrsverbund Mittelsachsen;nein;ja
Sachsen;Erzgebirgsbahn (EGB);155;Annaberg-Buchholz unt Bahnhof;DABU;EGB;Bahnhofsplatz;9456;Annaberg-Buchholz;Verkehrsverbund Mittelsachsen;Verkehrsverbund Mittelsachsen;nein;ja
Sachsen;Erzgebirgsbahn (EGB);162;Antonsthal;DATL;EGB;TalstraÃŸe;8359;Breitenbrunn;Verkehrsverbund Mittelsachsen;Verkehrsverbund Mittelsachsen;nein;ja
Bayern;SÃ¼dostbayernbahn (SOB);165;Anzenkirchen;MAK;SOB;Bahnhofstr.;84371;Triftern;Bayrische Eisenbahn Gesellschaft;Verkehrsgemeinschaft Rottal-Inn;nein;ja
Bayern;Westfrankenbahn (WFB);4666;Aschaffenburg-Obernau;NOBN;WFB 2;Obernheimweg;63743;Aschaffenburg;Bayrische Eisenbahn Gesellschaft;Verkehrsgemeinschaft am Bayerischen Untermain;nein;ja
Sachsen;Erzgebirgsbahn (EGB);205;Aue (Sachs);DAU;EGB;LÃ¶ÃŸnitzer StraÃŸe;8280;Aue;Verkehrsverbund Mittelsachsen;Verkehrsverbund Mittelsachsen;nein;ja
Sachsen;Erzgebirgsbahn (EGB);8216;Aue (Sachs) Erzgebirgsstadion;DAUS;EGB;LÃ¶ÃŸnitzer StraÃŸe (Am Stadion);8280;Aue;Verkehrsverbund Mittelsachsen;Verkehrsverbund Mittelsachsen;nein;ja
Hessen;Kurhessenbahn (KHB);7463;Bad Arolsen;FAR;KHB 1;Am Bahnhof 1;34454;Bad Arolsen;Nordhessischer Verkehrsverbund;Nordhessischer Verkehrsverbund;nein;ja
Bayern;SÃ¼dostbayernbahn (SOB);255;Bad Birnbach;MBIB;SOB;BahnhofstraÃŸe 10;84364;Bad Birnbach;Bayrische Eisenbahn Gesellschaft;Verkehrsgemeinschaft Rottal-Inn;nein;ja
Bayern;SÃ¼dostbayernbahn (SOB);283;Bad HÃ¶henstadt;MBHT;SOB;Obersulzbach;94081;FÃ¼rstenzell;Bayrische Eisenbahn Gesellschaft;Verkehrsgemeinschaft Landkreis Passau;nein;ja
Nordrhein-Westfalen;Kurhessenbahn (KHB);3487;Bad Laasphe;ELSP;KHB 3;BahnhofstraÃŸe;57334;Bad Laasphe;Zweckverband Nahverkehr Westfalen-Lippe;Zweckverband / Verkehrsgemeinschaft Westfalen-SÃ¼d;nein;ja
Nordrhein-Westfalen;Kurhessenbahn (KHB);8223;Bad Laasphe-Niederlaasphe;ENL;KHB 3;EntenbergstraÃŸe;57334;Bad Laasphe;Zweckverband Nahverkehr Westfalen-Lippe;Zweckverband / Verkehrsgemeinschaft Westfalen-SÃ¼d;nein;ja
Baden-WÃ¼rttemberg;Westfrankenbahn (WFB);305;Bad Mergentheim;TBMR;WFB 1;Bahnhofsplatz;97980;Bad Mergentheim;Nahverkehrsgesellschaft Baden-WÃ¼rttemberg;Verkehrsverbund Rhein-Neckar;nein;ja
Sachsen;Erzgebirgsbahn (EGB);5587;Bad Schlema;DSUB;EGB;HauptstraÃŸe;8301;Bad Schlema;Verkehrsverbund Mittelsachsen;Verkehrsverbund Mittelsachsen;nein;ja
Hessen;Kurhessenbahn (KHB);362;Bad Wildungen;FBWD;KHB 1;BahnhofstraÃŸe;34537;Bad Wildungen;Nordhessischer Verkehrsverbund;Nordhessischer Verkehrsverbund;nein;ja
Sachsen;Erzgebirgsbahn (EGB);407;BÃ¤renstein (Kr Annaberg);DBS;EGB;BahnhofstraÃŸe;9471;BÃ¤renstein;Verkehrsverbund Mittelsachsen;Verkehrsverbund Mittelsachsen;nein;ja
Bayern;SÃ¼dostbayernbahn (SOB);434;Bayerbach;MBYB;SOB;BahnhofstraÃŸe 28;94137;Bayerbach;Bayrische Eisenbahn Gesellschaft;Verkehrsgemeinschaft Rottal-Inn;nein;ja
ThÃ¼ringen;OberweiÃŸbacher Berg- und Schwarzatalbahn (OBS);445;Bechstedt-Trippstein;UBET;OBS;OrtsstraÃŸe 45;7426;Bechstedt;Nahverkehrsservicegesellschaft ThÃ¼ringen;-;nein;ja
Bayern;SÃ¼dostbayernbahn (SOB);8217;BibelÃ¶d;MBID;SOB;BibelÃ¶d 6;83324;Ruhpolding;Bayrische Eisenbahn Gesellschaft;-;nein;ja
Hessen;Kurhessenbahn (KHB);620;Biedenkopf;FBIK;KHB 2;Am Bahnhof;35216;Biedenkopf;Rhein-Main-Verkehrsverbund;Rhein-Main-Verkehrsverbund;nein;ja
Hessen;Kurhessenbahn (KHB);8218;Biedenkopf Wirtschafts- und ;FBIZ;KHB 2;Vater-Jahn-StraÃŸe;35216;Biedenkopf;Rhein-Main-Verkehrsverbund;Rhein-Main-Verkehrsverbund;nein;ja
Hessen;Kurhessenbahn (KHB);6502;Biedenkopf-Wallau;FWA;KHB 2;BahnhofstraÃŸe;35216;Biedenkopf;Rhein-Main-Verkehrsverbund;Rhein-Main-Verkehrsverbund;nein;ja
Hessen;Kurhessenbahn (KHB);657;Birkenbringhausen;FBBH;KHB 1;BahnhofstraÃŸe;35099;Burgwald;Nordhessischer Verkehrsverbund;Nordhessischer Verkehrsverbund;nein;ja
Baden-WÃ¼rttemberg;Westfrankenbahn (WFB);697;Blaufelden;TBLF;WFB 1;BahnhofstraÃŸe;74572;Blaufelden;Nahverkehrsgesellschaft Baden-WÃ¼rttemberg;KreisVerkehr SchwÃ¤bisch Hall;nein;ja
Sachsen;Erzgebirgsbahn (EGB);711;Blumenau;DBLU;EGB;HauptstraÃŸe;9526;Olbernhau;Verkehrsverbund Mittelsachsen;Verkehrsverbund Mittelsachsen;nein;ja
Baden-WÃ¼rttemberg;Westfrankenbahn (WFB);745;BÃ¶digheim;RBGH;WFB 1;Bahnhofsweg;74722;Buchen (Odenwald);Nahverkehrsgesellschaft Baden-WÃ¼rttemberg;Verkehrsverbund Rhein-Neckar;nein;ja
Sachsen;Erzgebirgsbahn (EGB);848;Breitenbrunn (Erzgeb);DBRE;EGB;SchachtstraÃŸe;8359;Breitenbrunn;Verkehrsverbund Mittelsachsen;Verkehrsverbund Mittelsachsen;nein;ja
Baden-WÃ¼rttemberg;Westfrankenbahn (WFB);930;Buchen im Odenwald;RBUN;WFB 1;EisenbahnstraÃŸe;74722;Buchen (Odenwald);Nahverkehrsgesellschaft Baden-WÃ¼rttemberg;Verkehrsverbund Rhein-Neckar;nein;ja
Baden-WÃ¼rttemberg;Westfrankenbahn (WFB);931;Buchen Ost;RBUO;WFB 1;Am Wartberg;74722;Buchen (Odenwald);Nahverkehrsgesellschaft Baden-WÃ¼rttemberg;Verkehrsverbund Rhein-Neckar;nein;ja
Hessen;Kurhessenbahn (KHB);932;Buchenau (Lahn);FBNU;KHB 2;ElmshÃ¤user StraÃŸe;35232;Dautphetal;Rhein-Main-Verkehrsverbund;Rhein-Main-Verkehrsverbund;nein;ja
Bayern;SÃ¼dostbayernbahn (SOB);985;Burghausen;MBUH;SOB;Berliner Platz 2;84489;Burghausen;Bayrische Eisenbahn Gesellschaft;-;nein;ja
Bayern;SÃ¼dostbayernbahn (SOB);990;Burgkirchen;MBGK;SOB;RupertusstraÃŸe 16-26;84508;Burgkirchen a.d.Alz;Bayrische Eisenbahn Gesellschaft;-;nein;ja
Sachsen;Erzgebirgsbahn (EGB);1001;Burkhardtsdorf;DBUF;EGB;BahnhofstraÃŸe;9235;Burkhardtsdorf;Verkehrsverbund Mittelsachsen;Verkehrsverbund Mittelsachsen;nein;ja
Sachsen;Erzgebirgsbahn (EGB);8219;Burkhardtsdorf Mitte;DBUM;EGB;Ahnerweg;9235;Burkhardtsdorf;Verkehrsverbund Mittelsachsen;Verkehrsverbund Mittelsachsen;nein;ja
Sachsen;Erzgebirgsbahn (EGB);1018;Cainsdorf;DCDF;EGB;Am Hammerwald;8064;Zwickau;Verkehrsverbund Mittelsachsen;Verkehrsverbund Mittelsachsen;nein;ja
Hessen;Kurhessenbahn (KHB);1023;Caldern;FCLD;KHB 2;Zum Wollenberg;35094;Lahntal;Rhein-Main-Verkehrsverbund;Rhein-Main-Verkehrsverbund;nein;ja
Sachsen;Erzgebirgsbahn (EGB);1047;Chemnitz-Erfenschlag;DCE;EGB;Paul-Franke-StraÃŸe;9125;Chemnitz;Verkehrsverbund Mittelsachsen;Verkehrsverbund Mittelsachsen;nein;ja
Sachsen;Erzgebirgsbahn (EGB);1051;Chemnitz-Reichenhain;DCRE;EGB;Erfenschlager StraÃŸe;9125;Chemnitz;Verkehrsverbund Mittelsachsen;Verkehrsverbund Mittelsachsen;nein;ja
Bayern;Westfrankenbahn (WFB);5210;Collenberg;NRF;WFB 2;BahnhofstraÃŸe;97903;Collenberg;Bayrische Eisenbahn Gesellschaft;Verkehrsgemeinschaft am Bayerischen Untermain;nein;ja
ThÃ¼ringen;OberweiÃŸbacher Berg- und Schwarzatalbahn (OBS);1094;Cursdorf;UCF;OBS;BahnhofstraÃŸe 6;98744;Cursdorf;Nahverkehrsservicegesellschaft ThÃ¼ringen;-;nein;ja
Baden-WÃ¼rttemberg;Westfrankenbahn (WFB);1228;Distelhausen;TDIH;WFB 1;Baumgartenweg;97941;Tauberbischofsheim;Nahverkehrsgesellschaft Baden-WÃ¼rttemberg;Verkehrsverbund Rhein-Neckar;nein;ja
Sachsen;Erzgebirgsbahn (EGB);1232;Dittersdorf;DDF;EGB;BahnhofstraÃŸe;9439;Amtsberg;Verkehrsverbund Mittelsachsen;Verkehrsverbund Mittelsachsen;nein;ja
Baden-WÃ¼rttemberg;Westfrankenbahn (WFB);1233;Dittigheim;TDM;WFB 1;FrombergstraÃŸe;97941;Tauberbischofsheim;Nahverkehrsgesellschaft Baden-WÃ¼rttemberg;Verkehrsverbund Rhein-Neckar;nein;ja
Sachsen;Erzgebirgsbahn (EGB);1267;Dorfchemnitz (b ZwÃ¶nitz);DDCH;EGB;An der Bahn;9619;ZwÃ¶nitz;Verkehrsverbund Mittelsachsen;Verkehrsverbund Mittelsachsen;nein;ja
Bayern;Westfrankenbahn (WFB);1272;Dorfprozelten;NDP;WFB 2;BahnstraÃŸe;97904;Dorfprozelten;Bayrische Eisenbahn Gesellschaft;Verkehrsgemeinschaft am Bayerischen Untermain;nein;ja
Baden-WÃ¼rttemberg;Westfrankenbahn (WFB);1460;Edelfingen;TED;WFB 1;Wilhelm-Frank-StraÃŸe;97980;Bad Mergentheim;Nahverkehrsgesellschaft Baden-WÃ¼rttemberg;Verkehrsverbund Rhein-Neckar;nein;ja
Bayern;SÃ¼dostbayernbahn (SOB);1466;Edling;MEDL;SOB;BahnstraÃŸe 3-15;83533;Edling;Bayrische Eisenbahn Gesellschaft;MÃ¼nchener Verkehrs- und Tarifverbund;nein;ja
Bayern;SÃ¼dostbayernbahn (SOB);1474;Eggenfelden;MEGF;SOB;BahnhofstraÃŸe 3-8;84307;Eggenfelden;Bayrische Eisenbahn Gesellschaft;Verkehrsgemeinschaft Rottal-Inn;nein;ja
Bayern;SÃ¼dostbayernbahn (SOB);8209;Eggenfelden Mitte;MEFM;SOB;Spirknerallee 2-6;84307;Eggenfelden;Bayrische Eisenbahn Gesellschaft;Verkehrsgemeinschaft Rottal-Inn;nein;ja
Bayern;SÃ¼dostbayernbahn (SOB);1477;Egglkofen;MEGK;SOB;BahnhofstraÃŸe 13;84546;Egglkofen;Bayrische Eisenbahn Gesellschaft;-;nein;ja
Hessen;Kurhessenbahn (KHB);1490;Ehringen;FEGN;KHB 1;Niederelsunger StraÃŸe 33;34471;Volkmarsen;Nordhessischer Verkehrsverbund;Nordhessischer Verkehrsverbund;nein;ja
Sachsen;Erzgebirgsbahn (EGB);1524;Einsiedel;DED;EGB;Am Einsiedler Bahnhof;9123;Chemnitz;Verkehrsverbund Mittelsachsen;Verkehrsverbund Mittelsachsen;nein;ja
Sachsen;Erzgebirgsbahn (EGB);8220;Einsiedel Gymnasium;DEDH;EGB;Einsiedler HauptstraÃŸe;9123;Chemnitz;Verkehrsverbund Mittelsachsen;Verkehrsverbund Mittelsachsen;nein;ja
Bayern;SÃ¼dostbayernbahn (SOB);1531;EisenÃ¤rzt;MEZT;SOB;DorfstraÃŸe;83313;Siegsdorf;Bayrische Eisenbahn Gesellschaft;-;nein;ja
Baden-WÃ¼rttemberg;Westfrankenbahn (WFB);1559;Elpersheim;TELP;WFB 1;DeutschordenstraÃŸe;97990;Weikersheim;Nahverkehrsgesellschaft Baden-WÃ¼rttemberg;Verkehrsverbund Rhein-Neckar;nein;ja
Bayern;SÃ¼dostbayernbahn (SOB);1600;Engertsham;MEGH;SOB;RaiffeisenstraÃŸe 22;94081;FÃ¼rstenzell;Bayrische Eisenbahn Gesellschaft;Verkehrsgemeinschaft Landkreis Passau;nein;ja
Sachsen;Erzgebirgsbahn (EGB);1629;Erdmannsdorf-Augustusburg;DEA;EGB;Am Bahnhof;9573;Augustusburg;Verkehrsverbund Mittelsachsen;Verkehrsverbund Mittelsachsen;nein;ja
Sachsen;Erzgebirgsbahn (EGB);1648;Erla;DERA;EGB;Karlsbader StraÃŸe;8340;Schwarzenberg;Verkehrsverbund Mittelsachsen;Verkehrsverbund Mittelsachsen;nein;ja
Sachsen;Erzgebirgsbahn (EGB);1649;Erlabrunn (Erzgeb);DERB;EGB;Schwarzenberger StraÃŸe;8359;Erlabrunn;Verkehrsverbund Mittelsachsen;Verkehrsverbund Mittelsachsen;nein;ja
Bayern;Westfrankenbahn (WFB);1656;Erlenbach am Main;NERL;WFB 2;BahnhofstraÃŸe;63906;Erlenbach a.Main;Bayrische Eisenbahn Gesellschaft;Verkehrsgemeinschaft am Bayerischen Untermain;nein;ja
Hessen;Kurhessenbahn (KHB);1661;Ernsthausen (Kr Frankenberg);FERH;KHB 1;Marburger StraÃŸe;35099;Burgwald;Nordhessischer Verkehrsverbund;Nordhessischer Verkehrsverbund;nein;ja
Sachsen;Erzgebirgsbahn (EGB);1745;FÃ¤hrbrÃ¼cke;DFBE;EGB;BahnhofstraÃŸe;8134;LangenweiÃŸbach;Verkehrsverbund Mittelsachsen;Verkehrsverbund Mittelsachsen;nein;ja
Sachsen;Erzgebirgsbahn (EGB);1750;Falkenau (Sachs);DFU;EGB;Am Haltepunkt;9557;Falkenau;Verkehrsverbund Mittelsachsen;Verkehrsverbund Mittelsachsen;nein;ja
Bayern;Westfrankenbahn (WFB);1766;Faulbach (Main);NFCH;WFB 2;HauptstraÃŸe;97906;Faulbach;Bayrische Eisenbahn Gesellschaft;Verkehrsgemeinschaft am Bayerischen Untermain;nein;ja
Nordrhein-Westfalen;Kurhessenbahn (KHB);1786;Feudingen;EFEU;KHB 3;Sieg-Lahn-StraÃŸe;57334;Bad Laasphe;Zweckverband Nahverkehr Westfalen-Lippe;Zweckverband / Verkehrsgemeinschaft Westfalen-SÃ¼d;nein;ja
Sachsen;Erzgebirgsbahn (EGB);8221;FlÃ¶ha-Plaue;DFLP;EGB;Augustusburger StraÃŸe;9557;FlÃ¶ha;Verkehrsverbund Mittelsachsen;Verkehrsverbund Mittelsachsen;nein;ja
Sachsen;Erzgebirgsbahn (EGB);1820;FloÃŸmÃ¼hle;DFM;EGB;MÃ¼hlenstraÃŸe;9579;Wildenstein;Verkehrsverbund Mittelsachsen;Verkehrsverbund Mittelsachsen;nein;ja
Bayern;SÃ¼dostbayernbahn (SOB);1837;Forsting;MFOS;SOB;Bahnweg 3;83539;Pfaffing;Bayrische Eisenbahn Gesellschaft;MÃ¼nchener Verkehrs- und Tarifverbund;nein;ja
Hessen;Kurhessenbahn (KHB);1841;Frankenberg (Eder);FFRK;KHB 1;Am Bahnhof;35066;Frankenberg;Nordhessischer Verkehrsverbund;Nordhessischer Verkehrsverbund;nein;ja
Hessen;Kurhessenbahn (KHB);8302;Frankenberg (Eder) GoÃŸberg;FFRG;KHB 1;Otto-StÃ¶lker-StraÃŸe;35066;Frankenberg / Eder;Nordhessischer Verkehrsverbund;Nordhessischer Verkehrsverbund;nein;ja
Hessen;Kurhessenbahn (KHB);7512;Frankenberg (Eder) ViermÃ¼nden;FVI;KHB 1;Am Schmittenbach;35066;Frankenberg (Eder);Nordhessischer Verkehrsverbund;Nordhessischer Verkehrsverbund;nein;ja
Bayern;Westfrankenbahn (WFB);1920;Freudenberg-Kirschfurt;NFM;WFB 2;Am Bahnhof;97896;Collenberg;Bayrische Eisenbahn Gesellschaft;Verkehrsgemeinschaft am Bayerischen Untermain;nein;ja
Bayern;SÃ¼dostbayernbahn (SOB);1928;Fridolfing;MFDF;SOB;Wiesenweg 10;83413;Fridolfing;Bayrische Eisenbahn Gesellschaft;-;nein;ja
Hessen;Kurhessenbahn (KHB);1933;Friedensdorf (Lahn);FFRD;KHB 2;WilhelmshÃ¼tter StraÃŸe;35232;Dautphetal;Rhein-Main-Verkehrsverbund;Rhein-Main-Verkehrsverbund;nein;ja
Hessen;Kurhessenbahn (KHB);1964;Fritzlar;FFZ;KHB 1;Am GÃ¼terbahnhof;34560;Fritzlar;Nordhessischer Verkehrsverbund;Nordhessischer Verkehrsverbund;nein;ja
Hessen;Kurhessenbahn (KHB);1979;FÃ¼rstenwald;FFNW;KHB 1;BahnhofstraÃŸe ;34379;Calden;Nordhessischer Verkehrsverbund;Nordhessischer Verkehrsverbund;nein;ja
Bayern;SÃ¼dostbayernbahn (SOB);1982;FÃ¼rstenzell;MFZL;SOB;Aspertsham 55;94081;FÃ¼rstenzell;Bayrische Eisenbahn Gesellschaft;Verkehrsgemeinschaft Landkreis Passau;nein;ja
Baden-WÃ¼rttemberg;Westfrankenbahn (WFB);2004;Gamburg;TGAM;WFB 1;BahnhofstraÃŸe;97956;Werbach;Nahverkehrsgesellschaft Baden-WÃ¼rttemberg;Verkehrsverbund Rhein-Neckar;nein;ja
Bayern;SÃ¼dostbayernbahn (SOB);2010;Garching (Alz);MGA;SOB;BahnhofstraÃŸe;84518;Garching a.d. Alz;Bayrische Eisenbahn Gesellschaft;-;nein;ja
Bayern;SÃ¼dostbayernbahn (SOB);2015;Gars (Inn);MGS;SOB;Fortlschusterstr. 12;83536;Gars a. Inn;Bayrische Eisenbahn Gesellschaft;-;nein;ja
Bayern;SÃ¼dostbayernbahn (SOB);2041;Geisenhausen;MGHS;SOB;BahnhofstraÃŸe 39;84144;Geisenhausen;Bayrische Eisenbahn Gesellschaft;-;nein;ja
Bayern;SÃ¼dostbayernbahn (SOB);7547;Gendorf;MGND;SOB;Industriepark;84508;Burgkirchen a.d.Alz;Bayrische Eisenbahn Gesellschaft;-;nein;ja
Bayern;Westfrankenbahn (WFB);2137;Glanzstoffwerke;NGLW;WFB 2;GlanzstoffstraÃŸe;63785;Erlenbach a.Main;Bayrische Eisenbahn Gesellschaft;Verkehrsgemeinschaft am Bayerischen Untermain;nein;ja
Hessen;Kurhessenbahn (KHB);2205;GoÃŸfelden;FGOF;KHB 2;BahnhofstraÃŸe;35094;Lahntal;Rhein-Main-Verkehrsverbund;Rhein-Main-Verkehrsverbund;nein;ja
Sachsen;Erzgebirgsbahn (EGB);2396;GrÃ¼nhainichen-Borstendorf;DGRB;EGB;Am GÃ¼terbahnhof;9579;Wildenstein;Verkehrsverbund Mittelsachsen;Verkehrsverbund Mittelsachsen;nein;ja
Sachsen;Erzgebirgsbahn (EGB);2404;GrÃ¼nstÃ¤dtel;DGS;EGB;Am Bahnhof;8340;Schwarzenberg;Verkehrsverbund Mittelsachsen;Verkehrsverbund Mittelsachsen;nein;ja
Baden-WÃ¼rttemberg;Westfrankenbahn (WFB);2481;Hainstadt (Baden);RHAI;WFB 1;BahnhofstraÃŸe;74722;Buchen (Odenwald);Nahverkehrsgesellschaft Baden-WÃ¼rttemberg;Verkehrsverbund Rhein-Neckar;nein;ja
Sachsen;Erzgebirgsbahn (EGB);2567;Hartenstein;DHST;EGB;BahnhofstraÃŸe;8118;Hartenstein;Verkehrsverbund Mittelsachsen;Verkehrsverbund Mittelsachsen;nein;ja
Bayern;Westfrankenbahn (WFB);2578;Hasloch am Main;NHCH;WFB 2;BahnhofstraÃŸe;97907;Hasloch;Bayrische Eisenbahn Gesellschaft;Verkehrsgemeinschaft am Bayerischen Untermain;nein;ja
Bayern;SÃ¼dostbayernbahn (SOB);2612;Hebertsfelden;MHEF;SOB;BahnhofstraÃŸe 3;84332;Hebertsfelden;Bayrische Eisenbahn Gesellschaft;Verkehrsgemeinschaft Rottal-Inn;nein;ja
Bayern;SÃ¼dostbayernbahn (SOB);7549;Heiligenstatt;MHEI;SOB;MarsstraÃŸe;84557;TÃ¼ÃŸling;Bayrische Eisenbahn Gesellschaft;-;nein;ja
Sachsen;Erzgebirgsbahn (EGB);2690;Hennersdorf (Sachs);DHRF;EGB;BahnhofstraÃŸe;9573;Augustusburg;Verkehrsverbund Mittelsachsen;Verkehrsverbund Mittelsachsen;nein;ja
Sachsen;Erzgebirgsbahn (EGB);2754;Hetzdorf (FlÃ¶hatal);DHZF;EGB;LindenstraÃŸe;9557;FlÃ¶ha;Verkehrsverbund Mittelsachsen;Verkehrsverbund Mittelsachsen;nein;ja
Baden-WÃ¼rttemberg;Westfrankenbahn (WFB);2801;Hochhausen;THO;WFB 1;LandstraÃŸe;97941;Tauberbischofsheim;Nahverkehrsgesellschaft Baden-WÃ¼rttemberg;Verkehrsverbund Rhein-Neckar;nein;ja
Sachsen;Erzgebirgsbahn (EGB);2845;Hohenfichte;DHOF;EGB;BahnhofstraÃŸe;9573;Leubsdorf+Hohenfichte;Verkehrsverbund Mittelsachsen;Verkehrsverbund Mittelsachsen;nein;ja
Bayern;SÃ¼dostbayernbahn (SOB);2899;HÃ¶pfling;MHPF;SOB;Ruhpoldinger StraÃŸe;83313;Siegsdorf;Bayrische Eisenbahn Gesellschaft;-;nein;ja
Bayern;SÃ¼dostbayernbahn (SOB);2918;HÃ¶rpolding;MHPD;SOB;MÃ¼hlweg 10;83301;Traunreut;Bayrische Eisenbahn Gesellschaft;-;nein;ja
Bayern;SÃ¼dostbayernbahn (SOB);2940;Hufschlag;MHUF;SOB;Waginger StraÃŸe;83362;Surberg;Bayrische Eisenbahn Gesellschaft;-;nein;ja
Baden-WÃ¼rttemberg;Westfrankenbahn (WFB);2968;Igersheim;TIH;WFB 1;BahnhofstraÃŸe;97999;Igersheim;Nahverkehrsgesellschaft Baden-WÃ¼rttemberg;Verkehrsverbund Rhein-Neckar;nein;ja
Bayern;SÃ¼dostbayernbahn (SOB);3052;Jettenbach;MJEB;SOB;BahnhofstraÃŸe 2-4;84555;Jettenbach;Bayrische Eisenbahn Gesellschaft;-;nein;ja
Sachsen;Erzgebirgsbahn (EGB);3059;Johanngeorgenstadt;DJ;EGB;PachthausstraÃŸe;8349;Johanngeorgenstadt;Verkehrsverbund Mittelsachsen;Verkehrsverbund Mittelsachsen;nein;ja
Bayern;SÃ¼dostbayernbahn (SOB);8222;Julbach;MJUL;SOB;FlurstraÃŸe;84387;Julbach;Bayrische Eisenbahn Gesellschaft;Verkehrsgemeinschaft Rottal-Inn;nein;ja
Bayern;SÃ¼dostbayernbahn (SOB);3116;Karpfham;MKH;SOB;Karpfham Bahnhof 2;94094;RotthalmÃ¼nster;Bayrische Eisenbahn Gesellschaft;Verkehrsgemeinschaft Landkreis Passau;nein;ja
Bayern;SÃ¼dostbayernbahn (SOB);3128;Kastl (Oberbay);MKAT;SOB;BahnhofstraÃŸe 9-11;84556;Kastl;Bayrische Eisenbahn Gesellschaft;-;nein;ja
ThÃ¼ringen;OberweiÃŸbacher Berg- und Schwarzatalbahn (OBS);3137;KatzhÃ¼tte;UKH;OBS;BahnhofstraÃŸe 103;98746;KatzhÃ¼tte;Nahverkehrsservicegesellschaft ThÃ¼ringen;-;nein;ja
Sachsen;Erzgebirgsbahn (EGB);3157;Kemtau;DKAU;EGB;MÃ¼hlenweg;9235;Burkhardtsdorf;Verkehrsverbund Mittelsachsen;Verkehrsverbund Mittelsachsen;nein;ja
Bayern;SÃ¼dostbayernbahn (SOB);3182;KirchanschÃ¶ring;MKAG;SOB;Am Bahnweiher 1;83417;KirchanschÃ¶ring;Bayrische Eisenbahn Gesellschaft;-;nein;ja
Bayern;SÃ¼dostbayernbahn (SOB);7550;Kirchweidach;MKW;SOB;BahnhofstraÃŸe 12-24;84558;Kirchweidach;Bayrische Eisenbahn Gesellschaft;-;nein;ja
Bayern;Westfrankenbahn (WFB);3250;Kleinheubach;NKLH;WFB 2;BahnhofstraÃŸe;63924;Kleinheubach;Bayrische Eisenbahn Gesellschaft;Verkehrsgemeinschaft am Bayerischen Untermain;nein;ja
Bayern;Westfrankenbahn (WFB);3262;Kleinwallstadt;NKT;WFB 2;WallstraÃŸe;63839;Kleinwallstadt;Bayrische Eisenbahn Gesellschaft;Verkehrsgemeinschaft am Bayerischen Untermain;nein;ja
Bayern;Westfrankenbahn (WFB);3270;Klingenberg am Main;NKM;WFB 2;BahnhofstraÃŸe;63911;Klingenberg;Bayrische Eisenbahn Gesellschaft;Verkehrsgemeinschaft am Bayerischen Untermain;nein;ja
Baden-WÃ¼rttemberg;Westfrankenbahn (WFB);897;Kloster Bronnbach;TBR;WFB 1;L 509;97877;Wertheim;Nahverkehrsgesellschaft Baden-WÃ¼rttemberg;Verkehrsverbund Rhein-Neckar;nein;ja
Hessen;Kurhessenbahn (KHB);3371;Korbach Hauptbahnhof;FKOB;KHB 1;Am Hauptbahnhof;34497;Korbach;Nordhessischer Verkehrsverbund;Nordhessischer Verkehrsverbund;nein;ja
Hessen;Kurhessenbahn (KHB);3372;Korbach SÃ¼d;FKBS;KHB 1;Am SÃ¼dbahnhof;34497;Korbach;Nordhessischer Verkehrsverbund;Nordhessischer Verkehrsverbund;nein;ja
Hessen;Kurhessenbahn (KHB);7490;KÃ¼lte-Wetterburg;FKWB;KHB 1;Alte MÃ¼hle 11;34471;Volkmarsen;Nordhessischer Verkehrsverbund;Nordhessischer Verkehrsverbund;nein;ja
Hessen;Kurhessenbahn (KHB);8246;Lahntal-Sarnau;FLSR;KHB 2;HauptstraÃŸe;35094;Lahntal;Rhein-Main-Verkehrsverbund;Rhein-Main-Verkehrsverbund;nein;ja
Bayern;SÃ¼dostbayernbahn (SOB);3514;Landshut (Bay) SÃ¼d;MLAS;SOB;Habichtstr. 8-17;84036;Landshut;Bayrische Eisenbahn Gesellschaft;-;nein;ja
Bayern;Westfrankenbahn (WFB);3577;Laudenbach am Main;NLK;WFB 2;Miltenberger StraÃŸe;63925;Laudenbach;Bayrische Eisenbahn Gesellschaft;Verkehrsgemeinschaft am Bayerischen Untermain;nein;ja
Baden-WÃ¼rttemberg;Westfrankenbahn (WFB);3579;Laudenbach (WÃ¼rtt);TLC;WFB 1;BahnstraÃŸe;97990;Weikersheim;Nahverkehrsgesellschaft Baden-WÃ¼rttemberg;Verkehrsverbund Rhein-Neckar;nein;ja
Bayern;SÃ¼dostbayernbahn (SOB);3588;Laufen (Oberbay);MLF;SOB;BahnhofstraÃŸe 42-50;83410;Laufen;Bayrische Eisenbahn Gesellschaft;Salzburger Verkehrsverbund;nein;ja
Sachsen;Erzgebirgsbahn (EGB);3601;Lauter (Sachs);DLR;EGB;BahnhofstraÃŸe;8315;Lauter-Bernsbach;Verkehrsverbund Mittelsachsen;Verkehrsverbund Mittelsachsen;nein;ja
Nordrhein-Westfalen;Kurhessenbahn (KHB);3624;Leimstruth;ELEI;KHB 3;HauptstraÃŸe;57339;ErndtebrÃ¼ck;Zweckverband Nahverkehr Westfalen-Lippe;Zweckverband / Verkehrsgemeinschaft Westfalen-SÃ¼d;nein;ja
Sachsen;Erzgebirgsbahn (EGB);3659;Lengefeld-Rauenstein;DRAU;EGB;Rauenstein;9514;Pockau-Lengefeld;Verkehrsverbund Mittelsachsen;Verkehrsverbund Mittelsachsen;nein;ja
Sachsen;Erzgebirgsbahn (EGB);3678;Leubsdorf (Sachs);DLEU;EGB;HauptstraÃŸe;9573;Leubsdorf+Hohenfichte;Verkehrsverbund Mittelsachsen;Verkehrsverbund Mittelsachsen;nein;ja
ThÃ¼ringen;OberweiÃŸbacher Berg- und Schwarzatalbahn (OBS);3702;Lichtenhain a d Bergbahn;ULIH;OBS;BergbahnstraÃŸe 9;98744;OberweiÃŸbach;Nahverkehrsservicegesellschaft ThÃ¼ringen;-;nein;ja
Sachsen;Erzgebirgsbahn (EGB);3791;LÃ¶ÃŸnitz ob Bf;DLN;EGB;BahnhofstraÃŸe;8294;LÃ¶ÃŸnitz;Verkehrsverbund Mittelsachsen;Verkehrsverbund Mittelsachsen;nein;ja
Sachsen;Erzgebirgsbahn (EGB);3792;LÃ¶ÃŸnitz unt Bf;DLNU;EGB;BahnhofstraÃŸe;8294;LÃ¶ÃŸnitz;Verkehrsverbund Mittelsachsen;Verkehrsverbund Mittelsachsen;nein;ja
Hessen;Kurhessenbahn (KHB);3921;Mandern;FMAN;KHB 1;Fritzlarer StraÃŸe;34537;Bad Wildungen;Nordhessischer Verkehrsverbund;Nordhessischer Verkehrsverbund;nein;ja
Sachsen;Erzgebirgsbahn (EGB);3948;Marienberg (Sachs);DMG;EGB;Untere BahnhofstraÃŸe;9496;Marienberg;Verkehrsverbund Mittelsachsen;Verkehrsverbund Mittelsachsen;nein;ja
Baden-WÃ¼rttemberg;Westfrankenbahn (WFB);3958;Markelsheim;TMA;WFB 1;Weikersheimer StraÃŸe;97980;Bad Mergentheim;Nahverkehrsgesellschaft Baden-WÃ¼rttemberg;Verkehrsverbund Rhein-Neckar;nein;ja
Sachsen;Erzgebirgsbahn (EGB);3959;Markersbach (Erzgeb);DMAR;EGB;Annaberger StraÃŸe;8352;Raschau-Markersbach;Verkehrsverbund Mittelsachsen;Verkehrsverbund Mittelsachsen;nein;ja
Bayern;SÃ¼dostbayernbahn (SOB);3975;Marktl;MMK;SOB;HauptstraÃŸe 36;84533;Marktl;Bayrische Eisenbahn Gesellschaft;-;nein;ja
Bayern;SÃ¼dostbayernbahn (SOB);3998;Massing;MMSG;SOB;Ludwig-Thoma-Strasse;84323;Massing;Bayrische Eisenbahn Gesellschaft;Verkehrsgemeinschaft Rottal-Inn;nein;ja
Bayern;SÃ¼dostbayernbahn (SOB);4000;Matzing;MMTZ;SOB;BahnhofstraÃŸe;83301;Traunreut;Bayrische Eisenbahn Gesellschaft;-;nein;ja
Sachsen;Erzgebirgsbahn (EGB);4030;Meinersdorf (Erzgeb);DMS;EGB;BahnhofstraÃŸe;9235;Burkhardtsdorf;Verkehrsverbund Mittelsachsen;Verkehrsverbund Mittelsachsen;nein;ja
ThÃ¼ringen;OberweiÃŸbacher Berg- und Schwarzatalbahn (OBS);4045;Mellenbach-Glasbach;UMEL;OBS;August-Bebel-StraÃŸe 29;98746;Mellenbach-Glasbach;Nahverkehrsservicegesellschaft ThÃ¼ringen;-;nein;ja
Hessen;Kurhessenbahn (KHB);7494;Mengeringhausen;FMGH;KHB 1;Auf der Schanze;34454;Bad Arolsen;Nordhessischer Verkehrsverbund;Nordhessischer Verkehrsverbund;nein;ja
ThÃ¼ringen;OberweiÃŸbacher Berg- und Schwarzatalbahn (OBS);4089;Meuselbach-SchwarzmÃ¼hle;UMEU;OBS;Mellenbacher StraÃŸe 18;98746;Meuselbach-SchwarzmÃ¼hle;Nahverkehrsservicegesellschaft ThÃ¼ringen;-;nein;ja
Bayern;Westfrankenbahn (WFB);4110;Miltenberg;NM;WFB 2;BrÃ¼ckenstraÃŸe;63897;Miltenberg;Bayrische Eisenbahn Gesellschaft;Verkehrsgemeinschaft am Bayerischen Untermain;nein;ja
Bayern;Westfrankenbahn (WFB);850;Miltenberg-Breitendiel;NBRE;WFB 2;GreinbergstraÃŸe;63897;Miltenberg;Bayrische Eisenbahn Gesellschaft;Verkehrsgemeinschaft am Bayerischen Untermain;nein;ja
Bayern;SÃ¼dostbayernbahn (SOB);4137;Mittergars;MMIG;SOB;Kirchenstrasse 18;83559;Gars a.Inn;Bayrische Eisenbahn Gesellschaft;-;nein;ja
Bayern;SÃ¼dostbayernbahn (SOB);4201;MÃ¼hldorf (Oberbay);MMF;SOB;Bahnhofsplatz;84453;MÃ¼hldorf a.Inn;Bayrische Eisenbahn Gesellschaft;-;nein;ja
Hessen;Kurhessenbahn (KHB);4272;MÃ¼nchhausen;FMHN;KHB 2;Am Bahnhof;35117;MÃ¼nchhausen;Rhein-Main-Verkehrsverbund;Rhein-Main-Verkehrsverbund;nein;ja
Sachsen;Erzgebirgsbahn (EGB);4339;NennigmÃ¼hle;DNGM;EGB;NennigmÃ¼hle;9509;Pockau-Lengefeld;Verkehrsverbund Mittelsachsen;Verkehrsverbund Mittelsachsen;nein;ja
Bayern;SÃ¼dostbayernbahn (SOB);4407;Neukirchen (Inn);MNK;SOB;Bahnhofstr. 12;94127;Neuburg a.Inn;Bayrische Eisenbahn Gesellschaft;Verkehrsgemeinschaft Landkreis Passau;nein;ja
Bayern;SÃ¼dostbayernbahn (SOB);4417;Neumarkt-St. Veit;MNR;SOB;BahnhofstraÃŸe 22;84494;Neumarkt-Sankt Veit;Bayrische Eisenbahn Gesellschaft;-;nein;ja
Bayern;SÃ¼dostbayernbahn (SOB);4430;NeuÃ¶tting;MNN;SOB;Am Bahnhof;84543;WinhÃ¶ring;Bayrische Eisenbahn Gesellschaft;-;nein;ja
Bayern;SÃ¼dostbayernbahn (SOB);4459;Neustift (b Passau);NNSP;SOB;Neustift;94036;Passau;Bayrische Eisenbahn Gesellschaft;Verkehrsgemeinschaft Landkreis Passau;nein;ja
Baden-WÃ¼rttemberg;Westfrankenbahn (WFB);4530;Niederstetten;TNI;WFB 1;BahnhofstraÃŸe;97996;Niederstetten;Nahverkehrsgesellschaft Baden-WÃ¼rttemberg;Verkehrsverbund Rhein-Neckar;nein;ja
Sachsen;Erzgebirgsbahn (EGB);8224;NiederzwÃ¶nitz;DNZW;EGB;Rittergutsweg;8297;ZwÃ¶nitz;Verkehrsverbund Mittelsachsen;Verkehrsverbund Mittelsachsen;nein;ja
Baden-WÃ¼rttemberg;Westfrankenbahn (WFB);4556;Niklashausen;TNK;WFB 1;Taubertalradweg;97956;Werbach;Nahverkehrsgesellschaft Baden-WÃ¼rttemberg;Verkehrsverbund Rhein-Neckar;nein;ja
Hessen;Kurhessenbahn (KHB);4636;Oberelsungen;FOSN;KHB 1;An der L 3214 Nr. 2;34289;Zierenberg;Nordhessischer Verkehrsverbund;Nordhessischer Verkehrsverbund;nein;ja
Bayern;Westfrankenbahn (WFB);4668;Obernburg-Elsenfeld;NOE;WFB 2;GlanzstoffstraÃŸe;63820;Elsenfeld;Bayrische Eisenbahn Gesellschaft;Verkehrsgemeinschaft am Bayerischen Untermain;nein;ja
Nordrhein-Westfalen;Kurhessenbahn (KHB);4669;Oberndorf (Kr Wittgenstein);EOBW;KHB 3;Siegener StraÃŸe;57334;Bad Laasphe;Zweckverband Nahverkehr Westfalen-Lippe;Zweckverband / Verkehrsgemeinschaft Westfalen-SÃ¼d;nein;ja
ThÃ¼ringen;OberweiÃŸbacher Berg- und Schwarzatalbahn (OBS);4707;OberweiÃŸbach-Deesbach;UOW;OBS;FrÃ¶belstraÃŸe 24;98744;OberweiÃŸbach;Nahverkehrsservicegesellschaft ThÃ¼ringen;-;nein;ja
ThÃ¼ringen;OberweiÃŸbacher Berg- und Schwarzatalbahn (OBS);4716;Obstfelderschmiede;UOFM;OBS;An der Bergbahn 1;98744;Schwarzatal;Nahverkehrsservicegesellschaft ThÃ¼ringen;-;nein;ja
Sachsen;Erzgebirgsbahn (EGB);4757;Olbernhau;DOL;EGB;Brandauer StraÃŸe;9526;Olbernhau;Verkehrsverbund Mittelsachsen;Verkehrsverbund Mittelsachsen;nein;ja
Sachsen;Erzgebirgsbahn (EGB);8225;Olbernhau West;DOLW;EGB;An der Bahnlinie;9526;Olbernhau;Verkehrsverbund Mittelsachsen;Verkehrsverbund Mittelsachsen;nein;ja
Sachsen;Erzgebirgsbahn (EGB);4758;Olbernhau-GrÃ¼nthal;DOGT;EGB;Jagdweg;96526;Olbernhau;Verkehrsverbund Mittelsachsen;Verkehrsverbund Mittelsachsen;nein;ja
Bayern;SÃ¼dostbayernbahn (SOB);4833;Otting;MOTG;SOB;Oberleiten 20;83329;Waging a.See;Bayrische Eisenbahn Gesellschaft;-;nein;ja
Bayern;SÃ¼dostbayernbahn (SOB);4917;Pfarrkirchen;MPKI;SOB;Bahnweg 1-18;84347;Pfarrkirchen;Bayrische Eisenbahn Gesellschaft;Verkehrsgemeinschaft Rottal-Inn;nein;ja
Sachsen;Erzgebirgsbahn (EGB);8226;Pockau StrobelmÃ¼hle;DSTM;EGB;Marienberger StraÃŸe;9509;Pockau-Lengefeld;Verkehrsverbund Mittelsachsen;Verkehrsverbund Mittelsachsen;nein;ja
Sachsen;Erzgebirgsbahn (EGB);4972;Pockau-Lengefeld;DPF;EGB;BahnhofstraÃŸe;9509;Pockau-Lengefeld;Verkehrsverbund Mittelsachsen;Verkehrsverbund Mittelsachsen;nein;ja
Bayern;SÃ¼dostbayernbahn (SOB);4973;Pocking;MPKG;SOB;Griesbacher Str.;94060;Pocking;Bayrische Eisenbahn Gesellschaft;-;nein;ja
Bayern;SÃ¼dostbayernbahn (SOB);5109;Ramerberg;MRMB;SOB;Ro 43 42;83561;Ramerberg;Bayrische Eisenbahn Gesellschaft;-;nein;ja
Sachsen;Erzgebirgsbahn (EGB);5124;Raschau (b Schwarzenberg);DRAS;EGB;BahnhofstraÃŸe;8352;Raschau-Markersbach;Verkehrsverbund Mittelsachsen;Verkehrsverbund Mittelsachsen;nein;ja
Baden-WÃ¼rttemberg;Westfrankenbahn (WFB);5195;Reicholzheim;TRL;WFB 1;Alte HeerstraÃŸe;97877;Wertheim;Nahverkehrsgesellschaft Baden-WÃ¼rttemberg;Verkehrsverbund Rhein-Neckar;nein;ja
Sachsen;Erzgebirgsbahn (EGB);5196;Reifland-WÃ¼nschendorf;DRF;EGB;BahnhofstraÃŸe;9514;Pockau-Lengefeld;Verkehrsverbund Mittelsachsen;Verkehrsverbund Mittelsachsen;nein;ja
Baden-WÃ¼rttemberg;Westfrankenbahn (WFB);5290;Rippberg;RRB;WFB 1;BahnhofstraÃŸe;74731;WalldÃ¼rn;Nahverkehrsgesellschaft Baden-WÃ¼rttemberg;Verkehrsverbund Rhein-Neckar;nein;ja
Bayern;SÃ¼dostbayernbahn (SOB);5318;Rohrbach (Oberbay);MROH;SOB;Rohrbach 12;84513;Erharting;Bayrische Eisenbahn Gesellschaft;-;nein;ja
Bayern;SÃ¼dostbayernbahn (SOB);8259;Rosenheim Hochschule;MROS;SOB;PrinzregentenstraÃŸe;83024;Rosenheim;Bayrische Eisenbahn Gesellschaft;-;nein;ja
Baden-WÃ¼rttemberg;Westfrankenbahn (WFB);5376;Rot am See;TRS;WFB 1;BahnhofstraÃŸe 15;74585;Rot am See;Nahverkehrsgesellschaft Baden-WÃ¼rttemberg;KreisVerkehr SchwÃ¤bisch Hall;nein;ja
Bayern;SÃ¼dostbayernbahn (SOB);5396;Rott (Inn);MRT;SOB;An der St 2079;83543;Rott a.Inn;Bayrische Eisenbahn Gesellschaft;-;nein;ja
Bayern;SÃ¼dostbayernbahn (SOB);5426;Ruhpolding;MRPD;SOB;Fliederweg 1;83324;Ruhpolding;Bayrische Eisenbahn Gesellschaft;-;nein;ja
Bayern;SÃ¼dostbayernbahn (SOB);5427;Ruhstorf;MRUS;SOB;Ernst-Hatz-Strasse 11-15;94099;Ruhstorf a.d.Rott;Bayrische Eisenbahn Gesellschaft;Verkehrsgemeinschaft Landkreis Passau;nein;ja
Baden-WÃ¼rttemberg;Westfrankenbahn (WFB);5515;Satteldorf;TSAT;WFB 1;Am Bahnhof 16;74589;Satteldorf;Nahverkehrsgesellschaft Baden-WÃ¼rttemberg;KreisVerkehr SchwÃ¤bisch Hall;nein;ja
Bayern;SÃ¼dostbayernbahn (SOB);5534;Schalchen;MSCA;SOB;FiedlerstraÃŸe 1;83342;Tacherting;Bayrische Eisenbahn Gesellschaft;-;nein;ja
Nordrhein-Westfalen;Kurhessenbahn (KHB);5539;Schameder;ESCA;KHB 3;Steimelweg;57339;ErndtebrÃ¼ck;Zweckverband Nahverkehr Westfalen-Lippe;Zweckverband / Verkehrsgemeinschaft Westfalen-SÃ¼d;nein;ja
Sachsen;Erzgebirgsbahn (EGB);5543;Scharfenstein;DSS;EGB;BahnhofstraÃŸe;9430;Drebach;Verkehrsverbund Mittelsachsen;Verkehrsverbund Mittelsachsen;nein;ja
Bayern;SÃ¼dostbayernbahn (SOB);5551;Schechen;MSC;SOB;Bahnhofstr. 5-15;83135;Schechen;Bayrische Eisenbahn Gesellschaft;-;nein;ja
Sachsen;Erzgebirgsbahn (EGB);5553;Scheibenberg;DSG;EGB;Gewerbegebiet am Bahnhof;9481;Scheibenberg;Verkehrsverbund Mittelsachsen;Verkehrsverbund Mittelsachsen;nein;ja
Sachsen;Erzgebirgsbahn (EGB);5589;Schlettau (Erzgeb);DSCL;EGB;BahnhofstraÃŸe;9487;Schlettau;Verkehrsverbund Mittelsachsen;Verkehrsverbund Mittelsachsen;nein;ja
Bayern;Westfrankenbahn (WFB);5625;Schneeberg im Odenwald;NSCB;WFB 2;BahnhofstraÃŸe;63936;Schneeberg;Bayrische Eisenbahn Gesellschaft;Verkehrsgemeinschaft am Bayerischen Untermain;nein;ja
Baden-WÃ¼rttemberg;Westfrankenbahn (WFB);5689;Schrozberg;TSZG;WFB 1;BahnhofstraÃŸe 14;74575;Schrozberg;Nahverkehrsgesellschaft Baden-WÃ¼rttemberg;KreisVerkehr SchwÃ¤bisch Hall;nein;ja
ThÃ¼ringen;OberweiÃŸbacher Berg- und Schwarzatalbahn (OBS);5720;Schwarzburg;USCG;OBS;Bahnhof 1;7427;Schwarzburg;Nahverkehrsservicegesellschaft ThÃ¼ringen;-;nein;ja
Sachsen;Erzgebirgsbahn (EGB);5728;Schwarzenberg (Erzgeb);DSC;EGB;BahnhofstraÃŸe;8340;Schwarzenberg;Verkehrsverbund Mittelsachsen;Verkehrsverbund Mittelsachsen;nein;ja
Sachsen;Erzgebirgsbahn (EGB);5729;Schwarzenberg (Erzgeb) Hp;DSCH;EGB;Karlsbader StraÃŸe;8340;Schwarzenberg;Verkehrsverbund Mittelsachsen;Verkehrsverbund Mittelsachsen;nein;ja
Sachsen;Erzgebirgsbahn (EGB);5730;Schwarzenberg-Neuwelt;DSCN;EGB;TalstraÃŸe;8340;Schwarzenberg;Verkehrsverbund Mittelsachsen;Verkehrsverbund Mittelsachsen;nein;ja
Sachsen;Erzgebirgsbahn (EGB);5801;Sehma;DSEH;EGB;BahnhofstraÃŸe;9465;Sehmatal;Verkehrsverbund Mittelsachsen;Verkehrsverbund Mittelsachsen;nein;ja
Bayern;SÃ¼dostbayernbahn (SOB);5803;Seiboldsdorf;MSBD;SOB;Seiboldsdorfer MÃ¼hle 2;83278;Traunstein;Bayrische Eisenbahn Gesellschaft;-;nein;ja
Bayern;SÃ¼dostbayernbahn (SOB);5845;Siegsdorf;MSGD;SOB;BahnhofstraÃŸe;83313;Siegsdorf;Bayrische Eisenbahn Gesellschaft;-;nein;ja
Sachsen;Erzgebirgsbahn (EGB);5858;SilberstraÃŸe;DSBS;EGB;Schneeberger StraÃŸe;8112;Wilkau-HaÃŸlau;Verkehrsverbund Mittelsachsen;Verkehrsverbund Mittelsachsen;nein;ja
Bayern;SÃ¼dostbayernbahn (SOB);5859;Simbach (Inn);MSBI;SOB;Bahnhofplatz 1;84359;Simbach a.Inn;Bayrische Eisenbahn Gesellschaft;Verkehrsgemeinschaft Rottal-Inn;nein;ja
Hessen;Kurhessenbahn (KHB);5862;Simtshausen;FSMH;KHB 2;-;-;MÃ¼nchhausen;Rhein-Main-Verkehrsverbund;Rhein-Main-Verkehrsverbund;nein;ja
ThÃ¼ringen;OberweiÃŸbacher Berg- und Schwarzatalbahn (OBS);5874;Sitzendorf-UnterweiÃŸbach;USDF;OBS;BahnhofstraÃŸe 1;7429;UnterweiÃŸbach;Nahverkehrsservicegesellschaft ThÃ¼ringen;-;nein;ja
Bayern;SÃ¼dostbayernbahn (SOB);5914;Soyen;MSY;SOB;Heckenstr. 10-21;83564;Soyen;Bayrische Eisenbahn Gesellschaft;-;nein;ja
Bayern;Westfrankenbahn (WFB);5959;Stadtprozelten;NSPO;WFB 2;HauptstraÃŸe;97909;Stadtprozelten;Bayrische Eisenbahn Gesellschaft;Verkehrsgemeinschaft am Bayerischen Untermain;nein;ja
Bayern;SÃ¼dostbayernbahn (SOB);5978;Stein (Traun);MSTN;SOB;Fischergasse;83301;Traunreut;Bayrische Eisenbahn Gesellschaft;-;nein;ja
Bayern;SÃ¼dostbayernbahn (SOB);6000;SteinhÃ¶ring;MSHG;SOB;BahnhofstraÃŸe 30;85643;SteinhÃ¶ring;Bayrische Eisenbahn Gesellschaft;MÃ¼nchener Verkehrs- und Tarifverbund;nein;ja
Hessen;Kurhessenbahn (KHB);6022;Sterzhausen;FSZH;KHB 2;Obere BahnhofsstraÃŸe;35094;Lahntal;Rhein-Main-Verkehrsverbund;Rhein-Main-Verkehrsverbund;nein;ja
Bayern;Westfrankenbahn (WFB);6110;Sulzbach am Main;NSUZ;WFB 2;Niedernberger StraÃŸe 14;63834;Sulzbach a.Main;Bayrische Eisenbahn Gesellschaft;Verkehrsgemeinschaft am Bayerischen Untermain;nein;ja
Bayern;SÃ¼dostbayernbahn (SOB);6109;Sulzbach (Inn);MSBH;SOB;Bahnhofstr. 35;94099;Ruhstorf a.d.Rott;Bayrische Eisenbahn Gesellschaft;Verkehrsgemeinschaft Landkreis Passau;nein;ja
Bayern;SÃ¼dostbayernbahn (SOB);6133;Tacherting;MTCH;SOB;BahnhofsstraÃŸe ;83342;Tacherting;Bayrische Eisenbahn Gesellschaft;-;nein;ja
Baden-WÃ¼rttemberg;Westfrankenbahn (WFB);6152;Tauberbischofsheim;TTB;WFB 1;BahnhofstraÃŸe 17;97941;Tauberbischofsheim;Nahverkehrsgesellschaft Baden-WÃ¼rttemberg;Verkehrsverbund Rhein-Neckar;nein;ja
Sachsen;Erzgebirgsbahn (EGB);6187;Thalheim (Erzgeb);DTAL;EGB;Untere BahnhofstraÃŸe;9380;Thalheim;Verkehrsverbund Mittelsachsen;Verkehrsverbund Mittelsachsen;nein;ja
Sachsen;Erzgebirgsbahn (EGB);6196;Thermalbad Wiesenbad;DWIE;EGB;Freiberger StraÃŸe;9488;Thermalbad Wiesenbad;Verkehrsverbund Mittelsachsen;Verkehrsverbund Mittelsachsen;nein;ja
Bayern;SÃ¼dostbayernbahn (SOB);6222;Tittmoning-WiesmÃ¼hl;MWSL;SOB;BahnhofstraÃŸe 6;84529;Tittmoning;Bayrische Eisenbahn Gesellschaft;-;nein;ja
Bayern;SÃ¼dostbayernbahn (SOB);6223;TÃ¶ging (Inn);MTG;SOB;Bahnhofplatz 1;84513;TÃ¶ging a.Inn;Bayrische Eisenbahn Gesellschaft;-;nein;ja
Bayern;SÃ¼dostbayernbahn (SOB);6239;Traundorf;MTRD;SOB;Traundorf 24;83313;Siegsdorf;Bayrische Eisenbahn Gesellschaft;-;nein;ja
Bayern;SÃ¼dostbayernbahn (SOB);8127;Traunreut;MTRT;SOB;MunastraÃŸe 10 a;83301;Traunreut;Bayrische Eisenbahn Gesellschaft;-;nein;ja
Bayern;SÃ¼dostbayernbahn (SOB);8313;Traunstein Klinikum;MTSK;SOB;Wolkersdorfer StraÃŸe;83278;Traunstein;Bayrische Eisenbahn Gesellschaft;-;nein;ja
Bayern;SÃ¼dostbayernbahn (SOB);6277;Trostberg;MTSB;SOB;BahnhofsstraÃŸe 17;83308;Trostberg;Bayrische Eisenbahn Gesellschaft;-;nein;ja
Bayern;SÃ¼dostbayernbahn (SOB);6285;Tulling;MTUL;SOB;EBE 20 1;85643;SteinhÃ¶ring;Bayrische Eisenbahn Gesellschaft;MÃ¼nchener Verkehrs- und Tarifverbund;nein;ja
Bayern;SÃ¼dostbayernbahn (SOB);6289;TÃ¼ÃŸling;MTLG;SOB;Am Bahnhof 1-3;84577;TÃ¼ÃŸling;Bayrische Eisenbahn Gesellschaft;-;nein;ja
Hessen;Kurhessenbahn (KHB);7511;Twiste;FTW;KHB 1;HauptstraÃŸe;34477;Twistetal;Nordhessischer Verkehrsverbund;Nordhessischer Verkehrsverbund;nein;ja
Hessen;Kurhessenbahn (KHB);6332;Ungedanken;FUNG;KHB 1;An der B 253;34560;Fritzlar;Nordhessischer Verkehrsverbund;Nordhessischer Verkehrsverbund;nein;ja
Bayern;SÃ¼dostbayernbahn (SOB);6343;Unteraschau;MUA;SOB;Unteraschau 12;83329;Waging a.See;Bayrische Eisenbahn Gesellschaft;-;nein;ja
Hessen;Kurhessenbahn (KHB);6381;Usseln;FUS;KHB 1;BahnhofsstraÃŸe;34508;Willingen;Nordhessischer Verkehrsverbund;Nordhessischer Verkehrsverbund;nein;ja
Bayern;SÃ¼dostbayernbahn (SOB);6420;Vilsbiburg;MVSB;SOB;Bahnhofstr. 6;84137;Vilsbiburg;Bayrische Eisenbahn Gesellschaft;-;nein;ja
Hessen;Kurhessenbahn (KHB);7473;VÃ¶hl Ederbringhausen;FEDN;KHB 1;Edergasse;34516;VÃ¶hl;Nordhessischer Verkehrsverbund;Nordhessischer Verkehrsverbund;nein;ja
Hessen;Kurhessenbahn (KHB);7486;VÃ¶hl Herzhausen;FHZN;KHB 1;an der L 3084;34516;VÃ¶hl;Nordhessischer Verkehrsverbund;Nordhessischer Verkehrsverbund;nein;ja
Hessen;Kurhessenbahn (KHB);7508;VÃ¶hl Schmittlotheim;FSLM;KHB 1;Am HÃ¼ttenrain;34516;VÃ¶hl;Nordhessischer Verkehrsverbund;Nordhessischer Verkehrsverbund;nein;ja
Hessen;Kurhessenbahn (KHB);8308;VÃ¶hl Thalitter;FTHA;KHB 1;-;34516;VÃ¶hl;Nordhessischer Verkehrsverbund;Nordhessischer Verkehrsverbund;nein;ja
Hessen;Kurhessenbahn (KHB);6446;Volkmarsen;FVA;KHB 1;Oberer Zollstock;34471;Volkmarsen;Nordhessischer Verkehrsverbund;Nordhessischer Verkehrsverbund;nein;ja
Bayern;SÃ¼dostbayernbahn (SOB);6465;Waging;MWGN;SOB;WestendstraÃŸe 14-24;83329;Waging a.See;Bayrische Eisenbahn Gesellschaft;-;nein;ja
Sachsen;Erzgebirgsbahn (EGB);6488;Waldkirchen (Erzgeb);DWK;EGB;ZschopautalstraÃŸe;9579;GrÃ¼nhainichen;Verkehrsverbund Mittelsachsen;Verkehrsverbund Mittelsachsen;nein;ja
Bayern;SÃ¼dostbayernbahn (SOB);7870;Waldkraiburg-Kraiburg;MWKG;SOB;An der BayernbrÃ¼cke 1;84478;Waldkraiburg;Bayrische Eisenbahn Gesellschaft;-;nein;ja
Baden-WÃ¼rttemberg;Westfrankenbahn (WFB);6505;WalldÃ¼rn;RWDN;WFB 1;EisenbahnstraÃŸe 37;74731;WalldÃ¼rn;Nahverkehrsgesellschaft Baden-WÃ¼rttemberg;Verkehrsverbund Rhein-Neckar;nein;ja
Baden-WÃ¼rttemberg;Westfrankenbahn (WFB);8269;Wallhausen (WÃ¼rtt);TWAL;WFB 1;BahnhofstraÃŸe;74599;Wallhausen;Nahverkehrsgesellschaft Baden-WÃ¼rttemberg;KreisVerkehr SchwÃ¤bisch Hall;nein;ja
Sachsen;Erzgebirgsbahn (EGB);6524;Walthersdorf (Erzgeb);DWF;EGB;HauptstraÃŸe;9474;Crottendorf;Verkehrsverbund Mittelsachsen;Verkehrsverbund Mittelsachsen;nein;ja
Sachsen;Erzgebirgsbahn (EGB);6543;Warmbad;DWAB;EGB;Flossplatzer Weg;9429;Wolkenstein;Verkehrsverbund Mittelsachsen;Verkehrsverbund Mittelsachsen;nein;ja
Bayern;SÃ¼dostbayernbahn (SOB);6559;Wasserburg (Inn) Bahnhof;MWSB;SOB;Bahnhofstrasse;83512;Wasserburg;Bayrische Eisenbahn Gesellschaft;MÃ¼nchener Verkehrs- und Tarifverbund;nein;ja
Hessen;Kurhessenbahn (KHB);6583;Wega;FWGA;KHB 1;EderstraÃŸe;34537;Bad Wildungen;Nordhessischer Verkehrsverbund;Nordhessischer Verkehrsverbund;nein;ja
Bayern;SÃ¼dostbayernbahn (SOB);6589;Weibhausen;MWBH;SOB;Eschenweg 5-6;83379;Wonneberg;Bayrische Eisenbahn Gesellschaft;-;nein;ja
Baden-WÃ¼rttemberg;Westfrankenbahn (WFB);6605;Weikersheim;TWM;WFB 1;BahnhofstraÃŸe 1;97990;Weikersheim;Nahverkehrsgesellschaft Baden-WÃ¼rttemberg;Verkehrsverbund Rhein-Neckar;nein;ja
Bayern;Westfrankenbahn (WFB);6611;Weilbach in Unterfranken;NWE;WFB 2;HauptstraÃŸe;63937;Weilbach;Bayrische Eisenbahn Gesellschaft;Verkehrsgemeinschaft am Bayerischen Untermain;nein;ja
Baden-WÃ¼rttemberg;Westfrankenbahn (WFB);6698;Wertheim;TWT;WFB 1;BahnhofstraÃŸe 8;97877;Wertheim;Nahverkehrsgesellschaft Baden-WÃ¼rttemberg;Verkehrsverbund Rhein-Neckar;nein;ja
Baden-WÃ¼rttemberg;Westfrankenbahn (WFB);6699;Wertheim-Bestenheid;TWTB;WFB 1;Kiesweg;97877;Wertheim;Nahverkehrsgesellschaft Baden-WÃ¼rttemberg;Verkehrsverbund Rhein-Neckar;nein;ja
Hessen;Kurhessenbahn (KHB);6727;Wetter (Hess-Nass);FWT;KHB 2;Am Bahnhof;35083;Wetter;Rhein-Main-Verkehrsverbund;Rhein-Main-Verkehrsverbund;nein;ja
Sachsen;Erzgebirgsbahn (EGB);7121;Wiesa (Erzgeb);DWIS;EGB;DreigÃ¼terstraÃŸe;9488;Thermalb. Wiesenbad;Verkehrsverbund Mittelsachsen;Verkehrsverbund Mittelsachsen;nein;ja
Sachsen;Erzgebirgsbahn (EGB);6753;Wiesenburg (Sachs);DWSB;EGB;BahnstraÃŸe;8134;Wildenfels;Verkehrsverbund Mittelsachsen;Verkehrsverbund Mittelsachsen;nein;ja
Hessen;Kurhessenbahn (KHB);6754;Wiesenfeld;FWIF;KHB 1;Am Bahnhof;35099;Burgwald;Nordhessischer Verkehrsverbund;Nordhessischer Verkehrsverbund;nein;ja
Bayern;SÃ¼dostbayernbahn (SOB);6760;WiesmÃ¼hl (Alz);MWSM;SOB;MÃ¼hldorfer StraÃŸe ;84549;Engelsberg;Bayrische Eisenbahn Gesellschaft;-;nein;ja
Hessen;Kurhessenbahn (KHB);6774;WilhelmshÃ¼tte (Lahn);FWUE;KHB 2;BuderusstraÃŸe;35232;Dautphetal;Rhein-Main-Verkehrsverbund;Rhein-Main-Verkehrsverbund;nein;ja
Sachsen;Erzgebirgsbahn (EGB);6776;Wilischthal;DWL;EGB;Scharfensteiner StraÃŸe;9439;Amtsberg;Verkehrsverbund Mittelsachsen;Verkehrsverbund Mittelsachsen;nein;ja
Sachsen;Erzgebirgsbahn (EGB);6777;Wilkau-HaÃŸlau;DWI;EGB;KirchbergerstraÃŸe;8112;Wilkau-HaÃŸlau;Verkehrsverbund Mittelsachsen;Verkehrsverbund Mittelsachsen;nein;ja
Hessen;Kurhessenbahn (KHB);6778;Willingen;FWLN;KHB 1;Briloner StraÃŸe 49;34508;Willingen;Nordhessischer Verkehrsverbund;Nordhessischer Verkehrsverbund;nein;ja
Hessen;Kurhessenbahn (KHB);8232;Willingen-Stryck;FSY;KHB 1;Auf dem Wakenfeld;34508;Willingen;Nordhessischer Verkehrsverbund;Nordhessischer Verkehrsverbund;nein;ja
Sachsen;Erzgebirgsbahn (EGB);6841;Witzschdorf;DWIT;EGB;HauptstraÃŸe;9437;Gornau;Verkehrsverbund Mittelsachsen;Verkehrsverbund Mittelsachsen;nein;ja
Hessen;Kurhessenbahn (KHB);6857;Wolfhagen;FWFH;KHB 1;BahnhofstraÃŸe 3;34466;Wolfhagen;Nordhessischer Verkehrsverbund;Nordhessischer Verkehrsverbund;nein;ja
Sachsen;Erzgebirgsbahn (EGB);6869;Wolkenstein;DWO;EGB;Am Bahnhof;9429;Wolkenstein;Verkehrsverbund Mittelsachsen;Verkehrsverbund Mittelsachsen;nein;ja
Bayern;Westfrankenbahn (WFB);6892;WÃ¶rth am Main;NWOE;WFB 2;LuxburgstraÃŸe 22;63939;WÃ¶rth a.Main;Bayrische Eisenbahn Gesellschaft;Verkehrsgemeinschaft am Bayerischen Untermain;nein;ja
Hessen;Kurhessenbahn (KHB);6997;Zennern;FZE;KHB 1;Mainzer StraÃŸe 1 - 5;34590;Wabern;Nordhessischer Verkehrsverbund;Nordhessischer Verkehrsverbund;nein;ja
Hessen;Kurhessenbahn (KHB);7018;Zierenberg;FZB;KHB 1;An der Bahn 12;34289;Zierenberg;Nordhessischer Verkehrsverbund;Nordhessischer Verkehrsverbund;nein;ja
Hessen;Kurhessenbahn (KHB);8012;Zierenberg-Rosental;FZBR;KHB 1;An der L 3214;34289;Zierenberg;Nordhessischer Verkehrsverbund;Nordhessischer Verkehrsverbund;nein;ja
Sachsen;Erzgebirgsbahn (EGB);7038;ZÃ¶blitz-Pobershau;DZB;EGB;BahnhofstraÃŸe;9496;ZÃ¶blitz;Verkehrsverbund Mittelsachsen;Verkehrsverbund Mittelsachsen;nein;ja
Sachsen;Erzgebirgsbahn (EGB);7055;Zschopau;DZP;EGB;BahnhofstraÃŸe;9405;Zschopau;Verkehrsverbund Mittelsachsen;Verkehrsverbund Mittelsachsen;nein;ja
Sachsen;Erzgebirgsbahn (EGB);8227;Zschopau Ost;DZPO;EGB;Krumhermersdorfer StraÃŸe;9405;Zschopau;Verkehrsverbund Mittelsachsen;Verkehrsverbund Mittelsachsen;nein;ja
Sachsen;Erzgebirgsbahn (EGB);7071;Zwickau-Schedewitz;DZWS;EGB;BahnstraÃŸe;8066;Zwickau;Verkehrsverbund Mittelsachsen;Verkehrsverbund Mittelsachsen;nein;ja
Sachsen;Erzgebirgsbahn (EGB);7076;ZwÃ¶nitz;DZI;EGB;BahnhofstraÃŸe;8297;ZwÃ¶nitz;Verkehrsverbund Mittelsachsen;Verkehrsverbund Mittelsachsen;nein;ja